x_center_normalised,y_center_normalised,width_normalised,height_normalised,confidence
0.08400233089923859,0.399575412273407,0.08743881434202194,0.06991267949342728,0.8506611585617065
0.9542292952537537,0.3729965090751648,0.0911950096487999,0.04030625522136688,0.8380420207977295
0.3012053072452545,0.8413248658180237,0.07698929309844971,0.047166526317596436,0.834371030330658
0.9014069437980652,0.7494730353355408,0.05899198353290558,0.050366614013910294,0.8117068409919739
0.8045123219490051,0.05609830468893051,0.02837887965142727,0.07418154180049896,0.8112295269966125
0.22950366139411926,0.9667888879776001,0.04112344607710838,0.06446653604507446,0.7342760562896729
0.6611307859420776,0.8494664430618286,0.05437450110912323,0.048302341252565384,0.6844777464866638
0.013366486877202988,0.7289483547210693,0.02648642472922802,0.0556490458548069,0.6258611679077148
