x_center_normalised,y_center_normalised,width_normalised,height_normalised,confidence
0.7222724556922913,0.8534306883811951,0.07525640726089478,0.06815322488546371,0.8373613953590393
0.14037467539310455,0.8991478085517883,0.049174223095178604,0.09140738099813461,0.8226162791252136
0.09428367018699646,0.8629635572433472,0.04782881960272789,0.07785636931657791,0.7352882027626038
0.5767044425010681,0.7810728549957275,0.034438032656908035,0.11047524213790894,0.6569409966468811
0.5065649747848511,0.6669710278511047,0.032963741570711136,0.0735647901892662,0.49795401096343994
0.5467450022697449,0.8804391026496887,0.05839752405881882,0.030769750475883484,0.39031782746315
0.23970691859722137,0.30546995997428894,0.07034412026405334,0.033200737088918686,0.30337467789649963
0.8112598061561584,0.6903775334358215,0.05274033546447754,0.034353479743003845,0.2520553469657898
