x_center_normalised,y_center_normalised,width_normalised,height_normalised,confidence
0.9416255950927734,0.540436863899231,0.06716027855873108,0.07258851081132889,0.8047557473182678
0.9699770212173462,0.5436615347862244,0.05963050574064255,0.06959927827119827,0.7296307682991028
0.768165111541748,0.8795127868652344,0.07550572603940964,0.07188030332326889,0.7240872979164124
0.6758921146392822,0.610340416431427,0.05199707671999931,0.10960673540830612,0.7021629810333252
0.9868301153182983,0.5085159540176392,0.024474075064063072,0.09635580331087112,0.5890798568725586
0.11872013658285141,0.9101276993751526,0.06774262338876724,0.045880530029535294,0.5490274429321289
0.8756346702575684,0.4988355338573456,0.051611125469207764,0.05618194118142128,0.43986567854881287
