x_center_normalised,y_center_normalised,width_normalised,height_normalised,confidence
0.7869890332221985,0.1016935184597969,0.09669726341962814,0.039471279829740524,0.8429844975471497
0.6920945644378662,0.513900876045227,0.11773501336574554,0.048998624086380005,0.8093478679656982
0.5116266012191772,0.4855816662311554,0.05466270074248314,0.04498612508177757,0.7997335195541382
0.5609079003334045,0.5081846117973328,0.055876001715660095,0.03992976248264313,0.7893263101577759
0.5025028586387634,0.9163419008255005,0.027418991550803185,0.08076051622629166,0.7684020400047302
0.5487735271453857,0.30278992652893066,0.07541995495557785,0.035196829587221146,0.709699809551239
0.48191380500793457,0.9648581147193909,0.053823888301849365,0.03969782963395119,0.6978920102119446
